report,street,east_km,north_km
R01,Canal Road,0.00,0.27
R02,one-off,3.50,1.40
R03,Mill Lane,1.50,0.01
R04,Canal Road,0.32,-0.61
R05,Canal Road,1.06,-1.19
R06,one-off,-0.20,2.90
R07,Mill Lane,-1.24,0.86
R08,Mill Lane,-0.11,1.54
R09,Mill Lane,-1.47,0.35
R10,one-off,-1.80,-1.20
R11,Canal Road,0.18,-0.31
R12,Mill Lane,-0.45,1.44
R13,Mill Lane,0.71,1.28
R14,Mill Lane,-1.42,0.61
R15,Mill Lane,1.51,0.31
R16,Mill Lane,0.42,1.46
R17,Canal Road,1.91,-1.21
R18,Canal Road,2.29,-1.05
R19,Canal Road,0.48,-0.89
R20,Mill Lane,1.18,0.88
R21,Mill Lane,-1.00,1.07
R22,Mill Lane,1.02,1.14
R23,Canal Road,2.67,-0.62
R24,Canal Road,2.55,-0.87
R25,Canal Road,0.73,-1.09
R26,Mill Lane,0.18,1.45
R27,Canal Road,2.90,-0.38
R28,one-off,1.40,-2.90
R29,Mill Lane,1.37,0.62
R30,Mill Lane,-0.78,1.25
R31,Canal Road,1.70,-1.21
R32,Canal Road,2.93,-0.08
R33,Mill Lane,-1.50,0.01
R34,Canal Road,1.38,-1.25
R35,Canal Road,0.03,-0.08
R36,Canal Road,3.05,0.28
