report,area,east_km,north_km
R01,town centre,0.00,-0.24
R02,Hillside estate,3.12,-0.13
R03,one-off,6.40,2.70
R04,town centre,-0.31,0.29
R05,Hillside estate,2.72,0.67
R06,one-off,-1.50,2.90
R07,town centre,-0.34,-0.02
R08,town centre,0.07,0.21
R09,Mill junction,0.26,1.30
R10,Hillside estate,2.09,-0.95
R11,town centre,0.41,-0.12
R12,Hillside estate,2.99,-0.95
R13,town centre,0.26,-0.24
R14,Hillside estate,5.05,0.64
R15,town centre,0.00,-0.35
R16,Hillside estate,2.96,-0.21
R17,Hillside estate,4.35,-0.18
R18,town centre,0.29,-0.27
R19,Hillside estate,2.72,1.92
R20,town centre,0.28,0.01
R21,Mill junction,0.32,1.39
R22,Hillside estate,2.83,-0.66
R23,Mill junction,0.45,1.24
R24,town centre,0.23,0.24
R25,Mill junction,0.53,1.31
R26,Hillside estate,3.28,0.27
R27,town centre,-0.30,0.17
R28,Hillside estate,4.76,0.27
R29,town centre,0.34,0.10
R30,Mill junction,0.50,1.43
R31,Mill junction,0.32,1.12
R32,Hillside estate,1.66,-0.32
R33,Mill junction,0.41,1.52
R34,Hillside estate,4.34,0.24
R35,one-off,1.30,-2.20
R36,Hillside estate,2.38,-0.50
R37,Hillside estate,4.00,0.97
R38,Hillside estate,2.57,-1.21
R39,town centre,0.12,-0.02
R40,Hillside estate,3.51,0.77
R41,town centre,-0.14,-0.01
R42,Hillside estate,2.95,2.16
R43,town centre,0.25,-0.26
R44,one-off,-1.60,-1.70
R45,town centre,0.08,-0.39
R46,town centre,-0.26,0.26
R47,Mill junction,0.51,1.13
R48,town centre,-0.04,0.05
R49,town centre,-0.42,-0.15
R50,Hillside estate,2.24,0.71
R51,Hillside estate,3.49,1.24
R52,town centre,0.33,-0.24
